time,SST (degrees Celsius),standard error (degrees Celsius)
31/12/2019 12.00,7.306,0.222
01/01/2020 12.00,7.306,0.222
02/01/2020 12.00,7.671,0.228
03/01/2020 12.00,7.691,0.22
04/01/2020 12.00,7.671,0.22
05/01/2020 12.00,7.651,0.24
06/01/2020 12.00,7.717,0.251
07/01/2020 12.00,7.738,0.22
08/01/2020 12.00,7.757,0.23
09/01/2020 12.00,7.807,0.23
10/01/2020 12.00,7.819,0.22
11/01/2020 12.00,7.671,0.22
12/01/2020 12.00,7.623,0.22
13/01/2020 12.00,7.644,0.22
14/01/2020 12.00,7.545,0.23
15/01/2020 12.00,7.233,0.22
16/01/2020 12.00,6.926,0.27
17/01/2020 12.00,7.618,0.22
18/01/2020 12.00,7.689,0.22
19/01/2020 12.00,7.57,0.24
20/01/2020 12.00,7.472,0.22
21/01/2020 12.00,7.431,0.22
22/01/2020 12.00,7.153,0.23
23/01/2020 12.00,6.852,0.22
24/01/2020 12.00,6.832,0.28
25/01/2020 12.00,7.012,0.272
26/01/2020 12.00,7.526,0.28
27/01/2020 12.00,7.615,0.26
28/01/2020 12.00,7.565,0.252
29/01/2020 12.00,7.496,0.22
30/01/2020 12.00,7.477,0.232
31/01/2020 12.00,7.458,0.22
01/02/2020 12.00,7.49,0.24
02/02/2020 12.00,7.51,0.22
03/02/2020 12.00,7.486,0.22
04/02/2020 12.00,7.513,0.22
05/02/2020 12.00,7.51,0.24
06/02/2020 12.00,7.42,0.23
07/02/2020 12.00,7.333,0.23
08/02/2020 12.00,7.323,0.24
09/02/2020 12.00,7.303,0.25
10/02/2020 12.00,7.253,0.22
11/02/2020 12.00,7.233,0.242
12/02/2020 12.00,7.139,0.322
13/02/2020 12.00,7.101,0.32
14/02/2020 12.00,7.013,0.44
15/02/2020 12.00,6.971,0.29
16/02/2020 12.00,7.101,0.22
17/02/2020 12.00,7.209,0.22
18/02/2020 12.00,7.318,0.22
19/02/2020 12.00,7.33,0.23
20/02/2020 12.00,7.319,0.25
21/02/2020 12.00,7.208,0.22
22/02/2020 12.00,7.18,0.22
23/02/2020 12.00,7.162,0.22
24/02/2020 12.00,7.153,0.23
25/02/2020 12.00,7.012,0.3
26/02/2020 12.00,6.99,0.29
27/02/2020 12.00,6.949,0.25
28/02/2020 12.00,6.869,0.22
29/02/2020 12.00,6.877,0.26
01/03/2020 12.00,6.95,0.2
02/03/2020 12.00,7.007,0.21
03/03/2020 12.00,7.028,0.2
04/03/2020 12.00,7.068,0.2
05/03/2020 12.00,6.969,0.2
06/03/2020 12.00,6.908,0.2
07/03/2020 12.00,6.949,0.2
08/03/2020 12.00,7.031,0.2
09/03/2020 12.00,7.018,0.2
10/03/2020 12.00,6.988,0.2
11/03/2020 12.00,6.967,0.2
12/03/2020 12.00,6.899,0.2
13/03/2020 12.00,6.87,0.2
14/03/2020 12.00,6.85,0.21
15/03/2020 12.00,6.888,0.2
16/03/2020 12.00,6.888,0.2
17/03/2020 12.00,6.948,0.21
18/03/2020 12.00,6.919,0.21
19/03/2020 12.00,6.929,0.2
20/03/2020 12.00,6.919,0.2
21/03/2020 12.00,6.903,0.2
22/03/2020 12.00,6.864,0.2
23/03/2020 12.00,6.644,0.39
24/03/2020 12.00,6.775,0.2
25/03/2020 12.00,6.777,0.2
26/03/2020 12.00,6.909,0.2
27/03/2020 12.00,7.019,0.2
28/03/2020 12.00,6.997,0.2
29/03/2020 12.00,6.879,0.2
30/03/2020 12.00,6.92,0.2
31/03/2020 12.00,6.939,0.2
01/04/2020 12.00,6.929,0.2
02/04/2020 12.00,6.871,0.2
03/04/2020 12.00,6.851,0.2
04/04/2020 12.00,6.751,0.2
05/04/2020 12.00,6.918,0.2
06/04/2020 12.00,7.051,0.21
07/04/2020 12.00,7.023,0.21
08/04/2020 12.00,6.755,0.21
09/04/2020 12.00,6.865,0.23
10/04/2020 12.00,6.934,0.2
11/04/2020 12.00,7.203,0.22
12/04/2020 12.00,7.253,0.22
13/04/2020 12.00,7.242,0.22
14/04/2020 12.00,7.241,0.21
15/04/2020 12.00,7.423,0.2
16/04/2020 12.00,7.462,0.2
17/04/2020 12.00,7.482,0.2
18/04/2020 12.00,7.802,0.2
19/04/2020 12.00,7.952,0.2
20/04/2020 12.00,8.069,0.2
21/04/2020 12.00,8.241,0.2
22/04/2020 12.00,8.567,0.2
23/04/2020 12.00,8.583,0.2
24/04/2020 12.00,8.388,0.21
25/04/2020 12.00,8.16,0.2
26/04/2020 12.00,8.061,0.21
27/04/2020 12.00,8.091,0.21
28/04/2020 12.00,8.091,0.21
29/04/2020 12.00,8.139,0.24
30/04/2020 12.00,8.109,0.2
01/05/2020 12.00,8.207,0.2
02/05/2020 12.00,8.321,0.2
03/05/2020 12.00,8.476,0.2
04/05/2020 12.00,8.514,0.2
05/05/2020 12.00,8.641,0.2
06/05/2020 12.00,8.853,0.21
07/05/2020 12.00,8.911,0.21
08/05/2020 12.00,8.951,0.21
09/05/2020 12.00,8.596,0.2
10/05/2020 12.00,8.405,0.21
11/05/2020 12.00,8.292,0.24
12/05/2020 12.00,8.255,0.2
13/05/2020 12.00,8.274,0.2
14/05/2020 12.00,8.322,0.2
15/05/2020 12.00,8.223,0.222
16/05/2020 12.00,8.221,0.24
17/05/2020 12.00,8.199,0.262
18/05/2020 12.00,9.165,0.21
19/05/2020 12.00,9.046,0.2
20/05/2020 12.00,9.053,0.2
21/05/2020 12.00,8.91,0.212
22/05/2020 12.00,8.895,0.2
23/05/2020 12.00,9.003,0.2
24/05/2020 12.00,9.217,0.2
25/05/2020 12.00,9.338,0.21
26/05/2020 12.00,10.053,0.2
27/05/2020 12.00,9.985,0.2
28/05/2020 12.00,10.092,0.2
29/05/2020 12.00,11.161,0.21
30/05/2020 12.00,12.469,0.208
31/05/2020 12.00,12.587,0.2
01/06/2020 12.00,12.733,0.3
02/06/2020 12.00,13.056,0.3
03/06/2020 12.00,13.299,0.3
04/06/2020 12.00,11.669,0.3
05/06/2020 12.00,10.875,0.3
06/06/2020 12.00,10.752,0.32
07/06/2020 12.00,10.814,0.3
08/06/2020 12.00,10.415,0.3
09/06/2020 12.00,10.45,0.3
10/06/2020 12.00,10.749,0.32
11/06/2020 12.00,10.921,0.3
12/06/2020 12.00,10.885,0.31
13/06/2020 12.00,11.178,0.31
14/06/2020 12.00,11.267,0.3
15/06/2020 12.00,11.812,0.3
16/06/2020 12.00,13.725,0.3
17/06/2020 12.00,14.697,0.3
18/06/2020 12.00,14.368,0.41
19/06/2020 12.00,13.875,0.31
20/06/2020 12.00,13.819,0.3
21/06/2020 12.00,13.05,0.31
22/06/2020 12.00,12.801,0.3
23/06/2020 12.00,13.79,0.3
24/06/2020 12.00,14.518,0.31
25/06/2020 12.00,14.963,0.3
26/06/2020 12.00,15.212,0.31
27/06/2020 12.00,15.213,0.3
28/06/2020 12.00,14.76,0.31
29/06/2020 12.00,14.372,0.3
30/06/2020 12.00,13.873,0.32
01/07/2020 12.00,14.095,0.31
02/07/2020 12.00,14.267,0.3
03/07/2020 12.00,14.297,0.3
04/07/2020 12.00,12.725,0.33
05/07/2020 12.00,12.76,0.3
06/07/2020 12.00,12.73,0.3
07/07/2020 12.00,12.642,0.3
08/07/2020 12.00,13.106,0.3
09/07/2020 12.00,13.32,0.3
10/07/2020 12.00,13.745,0.32
11/07/2020 12.00,14.107,0.3
12/07/2020 12.00,14.129,0.3
13/07/2020 12.00,14.029,0.31
14/07/2020 12.00,14.59,0.31
15/07/2020 12.00,14.446,0.33
16/07/2020 12.00,14.323,0.32
17/07/2020 12.00,14.482,0.3
18/07/2020 12.00,14.591,0.32
19/07/2020 12.00,14.608,0.3
20/07/2020 12.00,14.921,0.31
21/07/2020 12.00,14.966,0.32
22/07/2020 12.00,14.984,0.3
23/07/2020 12.00,14.948,0.3
24/07/2020 12.00,14.938,0.32
25/07/2020 12.00,14.977,0.3
26/07/2020 12.00,15.277,0.3
27/07/2020 12.00,15.177,0.31
28/07/2020 12.00,13.556,0.392
29/07/2020 12.00,13.095,0.3
30/07/2020 12.00,13.036,0.31
31/07/2020 12.00,13.013,0.3
01/08/2020 12.00,13.047,0.32
02/08/2020 12.00,14.171,0.3
03/08/2020 12.00,14.319,0.312
04/08/2020 12.00,14.26,0.32
05/08/2020 12.00,14.081,0.33
06/08/2020 12.00,14.181,0.3
07/08/2020 12.00,14.331,0.32
08/08/2020 12.00,14.629,0.31
09/08/2020 12.00,14.749,0.3
10/08/2020 12.00,14.861,0.3
11/08/2020 12.00,15.037,0.3
12/08/2020 12.00,15.146,0.32
13/08/2020 12.00,15.296,0.3
14/08/2020 12.00,15.313,0.31
15/08/2020 12.00,15.353,0.3
16/08/2020 12.00,15.168,0.3
17/08/2020 12.00,14.865,0.3
18/08/2020 12.00,14.847,0.31
19/08/2020 12.00,16.15,0.3
20/08/2020 12.00,16.064,0.3
21/08/2020 12.00,15.893,0.3
22/08/2020 12.00,15.644,0.32
23/08/2020 12.00,15.443,0.32
24/08/2020 12.00,15.372,0.3
25/08/2020 12.00,15.412,0.31
26/08/2020 12.00,14.776,0.32
27/08/2020 12.00,14.84,0.3
28/08/2020 12.00,14.86,0.3
29/08/2020 12.00,15.106,0.31
30/08/2020 12.00,15.135,0.31
31/08/2020 12.00,15.066,0.3
01/09/2020 12.00,15.02,0.2
02/09/2020 12.00,15.02,0.2
03/09/2020 12.00,15.02,0.2
04/09/2020 12.00,15.028,0.2
05/09/2020 12.00,14.969,0.212
06/09/2020 12.00,14.767,0.2
07/09/2020 12.00,14.669,0.2
08/09/2020 12.00,14.059,0.2
09/09/2020 12.00,14.068,0.2
10/09/2020 12.00,14.088,0.21
11/09/2020 12.00,13.756,0.21
12/09/2020 12.00,13.729,0.2
13/09/2020 12.00,13.717,0.21
14/09/2020 12.00,13.708,0.2
15/09/2020 12.00,13.601,0.2
16/09/2020 12.00,13.635,0.2
17/09/2020 12.00,13.647,0.21
18/09/2020 12.00,13.625,0.2
19/09/2020 12.00,13.621,0.2
20/09/2020 12.00,13.559,0.208
21/09/2020 12.00,13.477,0.209
22/09/2020 12.00,13.378,0.2
23/09/2020 12.00,13.389,0.22
24/09/2020 12.00,13.401,0.21
25/09/2020 12.00,13.17,0.2
26/09/2020 12.00,12.912,0.2
27/09/2020 12.00,12.902,0.21
28/09/2020 12.00,13.011,0.2
29/09/2020 12.00,13.021,0.2
30/09/2020 12.00,13.003,0.2
01/10/2020 12.00,12.892,0.24
02/10/2020 12.00,12.882,0.25
03/10/2020 12.00,12.862,0.23
04/10/2020 12.00,12.915,0.2
05/10/2020 12.00,12.884,0.2
06/10/2020 12.00,13.148,0.2
07/10/2020 12.00,13.202,0.22
08/10/2020 12.00,13.161,0.2
09/10/2020 12.00,12.778,0.2
10/10/2020 12.00,12.182,0.218
11/10/2020 12.00,12.126,0.2
12/10/2020 12.00,12.067,0.22
13/10/2020 12.00,12.048,0.22
14/10/2020 12.00,12.019,0.2
15/10/2020 12.00,11.969,0.2
16/10/2020 12.00,11.908,0.21
17/10/2020 12.00,11.89,0.22
18/10/2020 12.00,11.798,0.27
19/10/2020 12.00,11.428,0.34
20/10/2020 12.00,11.366,0.33
21/10/2020 12.00,11.334,0.3
22/10/2020 12.00,11.324,0.29
23/10/2020 12.00,11.334,0.29
24/10/2020 12.00,11.293,0.2
25/10/2020 12.00,11.316,0.2
26/10/2020 12.00,11.304,0.21
27/10/2020 12.00,11.045,0.2
28/10/2020 12.00,10.767,0.2
29/10/2020 12.00,10.758,0.21
30/10/2020 12.00,10.639,0.2
31/10/2020 12.00,10.517,0.22
01/11/2020 12.00,10.437,0.2
02/11/2020 12.00,10.419,0.2
03/11/2020 12.00,10.351,0.2
04/11/2020 12.00,10.276,0.2
05/11/2020 12.00,10.039,0.21
06/11/2020 12.00,10.137,0.21
07/11/2020 12.00,10.198,0.2
08/11/2020 12.00,10.387,0.2
09/11/2020 12.00,10.233,0.24
10/11/2020 12.00,10.074,0.492
11/11/2020 12.00,10.364,0.39
12/11/2020 12.00,9.866,0.21
13/11/2020 12.00,9.866,0.22
14/11/2020 12.00,9.856,0.2
15/11/2020 12.00,9.646,0.312
16/11/2020 12.00,9.676,0.33
17/11/2020 12.00,9.79,0.22
18/11/2020 12.00,9.712,0.2
19/11/2020 12.00,9.625,0.2
20/11/2020 12.00,9.378,0.21
21/11/2020 12.00,9.396,0.21
22/11/2020 12.00,9.418,0.2
23/11/2020 12.00,9.468,0.2
24/11/2020 12.00,9.358,0.2
25/11/2020 12.00,9.439,0.2
26/11/2020 12.00,9.359,0.2
27/11/2020 12.00,9.289,0.2
28/11/2020 12.00,9.248,0.2
29/11/2020 12.00,9.207,0.2
30/11/2020 12.00,9.27,0.21
01/12/2020 12.00,9.269,0.23
02/12/2020 12.00,9.25,0.23
03/12/2020 12.00,9.278,0.262
04/12/2020 12.00,9.238,0.462
05/12/2020 12.00,8.905,0.22
06/12/2020 12.00,8.993,0.22
07/12/2020 12.00,8.991,0.25
08/12/2020 12.00,8.971,0.248
09/12/2020 12.00,8.942,0.22
10/12/2020 12.00,8.842,0.28
11/12/2020 12.00,8.823,0.292
12/12/2020 12.00,8.751,0.55
13/12/2020 12.00,8.622,0.22
14/12/2020 12.00,8.634,0.22
15/12/2020 12.00,8.602,0.22
16/12/2020 12.00,8.483,0.22
17/12/2020 12.00,8.393,0.22
18/12/2020 12.00,8.513,0.22
19/12/2020 12.00,8.563,0.24
20/12/2020 12.00,8.583,0.22
21/12/2020 12.00,8.026,0.23
22/12/2020 12.00,7.937,0.22
23/12/2020 12.00,8.083,0.22
24/12/2020 12.00,8.181,0.22
25/12/2020 12.00,8.128,0.23
26/12/2020 12.00,8.166,0.24
27/12/2020 12.00,7.977,0.24
28/12/2020 12.00,7.997,0.22
29/12/2020 12.00,7.975,0.228
30/12/2020 12.00,8.034,0.22
31/12/2020 12.00,8.056,0.222
01/01/2021 12.00,8.044,0.24
02/01/2021 12.00,7.956,0.24
03/01/2021 12.00,7.854,0.26
04/01/2021 12.00,7.863,0.24
05/01/2021 12.00,7.714,0.23
06/01/2021 12.00,7.62,0.24
07/01/2021 12.00,7.546,0.22
08/01/2021 12.00,7.516,0.22
09/01/2021 12.00,7.451,0.22
10/01/2021 12.00,7.496,0.22
11/01/2021 12.00,7.505,0.23
12/01/2021 12.00,7.493,0.23
13/01/2021 12.00,7.434,0.232
14/01/2021 12.00,7.394,0.24
15/01/2021 12.00,7.406,0.22
16/01/2021 12.00,7.398,0.22
17/01/2021 12.00,7.327,0.22
18/01/2021 12.00,7.284,0.23
19/01/2021 12.00,7.273,0.22
20/01/2021 12.00,7.265,0.24
21/01/2021 12.00,7.525,0.372
22/01/2021 12.00,7.197,0.22
23/01/2021 12.00,7.053,0.22
24/01/2021 12.00,7.022,0.23
25/01/2021 12.00,7.031,0.22
26/01/2021 12.00,7.014,0.22
27/01/2021 12.00,6.876,0.23
28/01/2021 12.00,6.876,0.232
29/01/2021 12.00,6.739,0.22
30/01/2021 12.00,6.771,0.23
31/01/2021 12.00,6.75,0.22
01/02/2021 12.00,6.732,0.22
02/02/2021 12.00,6.732,0.22
03/02/2021 12.00,6.68,0.24
04/02/2021 12.00,6.64,0.37
05/02/2021 12.00,6.68,0.4
06/02/2021 12.00,6.37,0.22
07/02/2021 12.00,6.228,0.322
08/02/2021 12.00,5.95,0.29
09/02/2021 12.00,5.563,0.22
10/02/2021 12.00,5.622,0.23
11/02/2021 12.00,5.452,0.23
12/02/2021 12.00,5.38,0.22
13/02/2021 12.00,5.408,0.23
14/02/2021 12.00,5.38,0.23
15/02/2021 12.00,5.851,0.412
16/02/2021 12.00,5.579,0.35
17/02/2021 12.00,5.337,0.31
18/02/2021 12.00,5.339,0.22
19/02/2021 12.00,5.358,0.27
20/02/2021 12.00,5.022,0.23
21/02/2021 12.00,5.203,0.23
22/02/2021 12.00,5.331,0.22
23/02/2021 12.00,5.331,0.24
24/02/2021 12.00,5.417,0.22
25/02/2021 12.00,5.387,0.23
26/02/2021 12.00,5.428,0.23
27/02/2021 12.00,5.495,0.22
28/02/2021 12.00,5.586,0.23
01/03/2021 12.00,5.646,0.202
02/03/2021 12.00,5.693,0.2
03/03/2021 12.00,5.534,0.2
04/03/2021 12.00,5.543,0.2
05/03/2021 12.00,5.614,0.212
06/03/2021 12.00,5.602,0.21
07/03/2021 12.00,5.626,0.2
08/03/2021 12.00,5.771,0.25
09/03/2021 12.00,5.753,0.23
10/03/2021 12.00,5.667,0.222
11/03/2021 12.00,5.497,0.2
12/03/2021 12.00,5.636,0.2
13/03/2021 12.00,5.666,0.21
14/03/2021 12.00,5.658,0.2
15/03/2021 12.00,5.633,0.21
16/03/2021 12.00,5.706,0.2
17/03/2021 12.00,5.756,0.21
18/03/2021 12.00,5.756,0.2
19/03/2021 12.00,5.762,0.2
20/03/2021 12.00,5.485,0.23
21/03/2021 12.00,5.352,0.2
22/03/2021 12.00,5.467,0.22
23/03/2021 12.00,6.299,0.22
24/03/2021 12.00,6.316,0.2
25/03/2021 12.00,6.327,0.2
26/03/2021 12.00,6.328,0.2
27/03/2021 12.00,6.29,0.2
28/03/2021 12.00,6.338,0.2
29/03/2021 12.00,6.348,0.2
30/03/2021 12.00,6.339,0.2
31/03/2021 12.00,6.347,0.2
01/04/2021 12.00,6.455,0.2
02/04/2021 12.00,6.447,0.21
03/04/2021 12.00,6.399,0.21
04/04/2021 12.00,6.498,0.2
05/04/2021 12.00,6.655,0.2
06/04/2021 12.00,6.672,0.2
07/04/2021 12.00,6.644,0.2
08/04/2021 12.00,6.66,0.2
09/04/2021 12.00,6.692,0.2
10/04/2021 12.00,6.692,0.2
11/04/2021 12.00,6.672,0.2
12/04/2021 12.00,6.624,0.2
13/04/2021 12.00,6.653,0.2
14/04/2021 12.00,6.91,0.2
15/04/2021 12.00,6.971,0.21
16/04/2021 12.00,7.083,0.2
17/04/2021 12.00,7.263,0.2
18/04/2021 12.00,7.55,0.2
19/04/2021 12.00,7.738,0.21
20/04/2021 12.00,7.748,0.21
21/04/2021 12.00,7.499,0.2
22/04/2021 12.00,7.043,0.2
23/04/2021 12.00,7.113,0.2
24/04/2021 12.00,7.156,0.2
25/04/2021 12.00,7.106,0.21
26/04/2021 12.00,7.351,0.21
27/04/2021 12.00,7.533,0.21
28/04/2021 12.00,7.581,0.2
29/04/2021 12.00,7.653,0.21
30/04/2021 12.00,7.667,0.2
01/05/2021 12.00,7.704,0.2
02/05/2021 12.00,7.851,0.2
03/05/2021 12.00,7.901,0.2
04/05/2021 12.00,7.98,0.2
05/05/2021 12.00,7.422,0.302
06/05/2021 12.00,7.749,0.2
07/05/2021 12.00,7.68,0.2
08/05/2021 12.00,7.658,0.2
09/05/2021 12.00,7.692,0.22
10/05/2021 12.00,7.735,0.22
11/05/2021 12.00,7.965,0.21
12/05/2021 12.00,8.401,0.2
13/05/2021 12.00,8.588,0.2
14/05/2021 12.00,8.649,0.42
15/05/2021 12.00,8.807,0.312
16/05/2021 12.00,8.888,0.23
17/05/2021 12.00,9.166,0.21
18/05/2021 12.00,8.842,0.2
19/05/2021 12.00,8.902,0.2
20/05/2021 12.00,8.962,0.22
21/05/2021 12.00,8.97,0.2
22/05/2021 12.00,8.229,0.28
23/05/2021 12.00,8.746,0.208
24/05/2021 12.00,8.793,0.21
25/05/2021 12.00,8.873,0.208
26/05/2021 12.00,9.328,0.22
27/05/2021 12.00,9.449,0.2
28/05/2021 12.00,9.39,0.21
29/05/2021 12.00,9.41,0.21
30/05/2021 12.00,9.456,0.2
31/05/2021 12.00,10.927,0.2
01/06/2021 12.00,10.709,0.3
02/06/2021 12.00,10.59,0.3
03/06/2021 12.00,10.459,0.3
04/06/2021 12.00,10.549,0.31
05/06/2021 12.00,11.674,0.32
06/06/2021 12.00,11.854,0.3
07/06/2021 12.00,12.818,0.31
08/06/2021 12.00,12.877,0.31
09/06/2021 12.00,12.906,0.3
10/06/2021 12.00,13.035,0.3
11/06/2021 12.00,12.939,0.3
12/06/2021 12.00,13.027,0.31
13/06/2021 12.00,12.913,0.3
14/06/2021 12.00,13.004,0.3
15/06/2021 12.00,13.144,0.3
16/06/2021 12.00,13.274,0.32
17/06/2021 12.00,13.376,0.3
18/06/2021 12.00,13.356,0.32
19/06/2021 12.00,13.355,0.3
20/06/2021 12.00,13.147,0.3
21/06/2021 12.00,13.138,0.3
22/06/2021 12.00,13.307,0.3
23/06/2021 12.00,13.459,0.3
24/06/2021 12.00,13.479,0.3
25/06/2021 12.00,13.77,0.3
26/06/2021 12.00,13.39,0.31
27/06/2021 12.00,13.297,0.3
28/06/2021 12.00,13.249,0.33
29/06/2021 12.00,13.442,0.3
30/06/2021 12.00,13.442,0.3
01/07/2021 12.00,13.414,0.31
02/07/2021 12.00,14.944,0.32
03/07/2021 12.00,14.73,0.3
04/07/2021 12.00,14.883,0.33
05/07/2021 12.00,15.066,0.3
06/07/2021 12.00,15.068,0.3
07/07/2021 12.00,14.74,0.36
08/07/2021 12.00,15.418,0.3
09/07/2021 12.00,15.408,0.302
10/07/2021 12.00,15.334,0.31
11/07/2021 12.00,15.344,0.3
12/07/2021 12.00,15.325,0.3
13/07/2021 12.00,15.462,0.302
14/07/2021 12.00,15.274,0.3
15/07/2021 12.00,15.194,0.3
16/07/2021 12.00,15.165,0.31
17/07/2021 12.00,15.215,0.3
18/07/2021 12.00,15.416,0.32
19/07/2021 12.00,15.224,0.31
20/07/2021 12.00,15.935,0.3
21/07/2021 12.00,15.859,0.3
22/07/2021 12.00,15.869,0.3
23/07/2021 12.00,15.648,0.3
24/07/2021 12.00,15.907,0.31
25/07/2021 12.00,16.034,0.3
26/07/2021 12.00,16.162,0.3
27/07/2021 12.00,16.425,0.3
28/07/2021 12.00,16.704,0.31
29/07/2021 12.00,16.762,0.3
30/07/2021 12.00,16.872,0.3
31/07/2021 12.00,16.811,0.35
01/08/2021 12.00,16.652,0.3
02/08/2021 12.00,16.406,0.31
03/08/2021 12.00,16.409,0.3
04/08/2021 12.00,16.39,0.32
05/08/2021 12.00,16.342,0.3
06/08/2021 12.00,16.449,0.3
07/08/2021 12.00,16.45,0.3
08/08/2021 12.00,16.463,0.3
09/08/2021 12.00,16.848,0.3
10/08/2021 12.00,16.748,0.3
11/08/2021 12.00,16.842,0.3
12/08/2021 12.00,16.96,0.31
13/08/2021 12.00,16.922,0.32
14/08/2021 12.00,16.711,0.3
15/08/2021 12.00,16.709,0.32
16/08/2021 12.00,16.001,0.3
17/08/2021 12.00,16.049,0.32
18/08/2021 12.00,16.047,0.3
19/08/2021 12.00,15.922,0.32
20/08/2021 12.00,16.07,0.3
21/08/2021 12.00,16.064,0.3
22/08/2021 12.00,16.052,0.302
23/08/2021 12.00,16.108,0.3
24/08/2021 12.00,16.066,0.3
25/08/2021 12.00,15.862,0.31
26/08/2021 12.00,15.862,0.3
27/08/2021 12.00,15.942,0.3
28/08/2021 12.00,16.14,0.3
29/08/2021 12.00,15.981,0.3
30/08/2021 12.00,15.842,0.3
31/08/2021 12.00,15.783,0.3
01/09/2021 12.00,15.74,0.21
02/09/2021 12.00,15.694,0.2
03/09/2021 12.00,15.701,0.2
04/09/2021 12.00,15.771,0.2
05/09/2021 12.00,15.849,0.21
06/09/2021 12.00,15.658,0.21
07/09/2021 12.00,16.081,0.2
08/09/2021 12.00,16.082,0.2
09/09/2021 12.00,16.131,0.2
10/09/2021 12.00,16.14,0.39
11/09/2021 12.00,16.089,0.45
12/09/2021 12.00,15.925,0.2
13/09/2021 12.00,15.882,0.2
14/09/2021 12.00,15.852,0.2
15/09/2021 12.00,15.892,0.23
16/09/2021 12.00,15.714,0.2
17/09/2021 12.00,15.664,0.21
18/09/2021 12.00,15.516,0.238
19/09/2021 12.00,15.463,0.28
20/09/2021 12.00,15.608,0.2
21/09/2021 12.00,15.511,0.2
22/09/2021 12.00,15.461,0.21
23/09/2021 12.00,14.803,0.2
24/09/2021 12.00,14.596,0.2
25/09/2021 12.00,14.568,0.2
26/09/2021 12.00,14.289,0.2
27/09/2021 12.00,14.507,0.2
28/09/2021 12.00,14.537,0.2
29/09/2021 12.00,14.547,0.2
30/09/2021 12.00,14.18,0.22
01/10/2021 12.00,14.097,0.2
02/10/2021 12.00,13.534,0.21
03/10/2021 12.00,13.393,0.2
04/10/2021 12.00,13.389,0.2
05/10/2021 12.00,13.386,0.2
06/10/2021 12.00,13.31,0.208
07/10/2021 12.00,13.341,0.228
08/10/2021 12.00,13.143,0.229
09/10/2021 12.00,13.205,0.22
10/10/2021 12.00,13.024,0.2
11/10/2021 12.00,12.919,0.21
12/10/2021 12.00,12.772,0.21
13/10/2021 12.00,12.651,0.21
14/10/2021 12.00,12.399,0.208
15/10/2021 12.00,12.265,0.21
16/10/2021 12.00,12.282,0.2
17/10/2021 12.00,12.132,0.24
18/10/2021 12.00,12.052,0.302
19/10/2021 12.00,12.032,0.2
20/10/2021 12.00,11.966,0.22
21/10/2021 12.00,11.623,0.2
22/10/2021 12.00,11.379,0.21
23/10/2021 12.00,11.35,0.2
24/10/2021 12.00,10.961,0.22
25/10/2021 12.00,10.981,0.21
26/10/2021 12.00,10.961,0.22
27/10/2021 12.00,10.602,0.42
28/10/2021 12.00,10.551,0.38
29/10/2021 12.00,10.697,0.262
30/10/2021 12.00,10.812,0.212
31/10/2021 12.00,10.715,0.21
01/11/2021 12.00,10.644,0.2
02/11/2021 12.00,10.384,0.2
03/11/2021 12.00,10.386,0.2
04/11/2021 12.00,10.436,0.2
05/11/2021 12.00,10.448,0.2
06/11/2021 12.00,10.299,0.21
07/11/2021 12.00,10.233,0.2
08/11/2021 12.00,9.995,0.22
09/11/2021 12.00,10.063,0.2
10/11/2021 12.00,10.104,0.21
11/11/2021 12.00,10.15,0.21
12/11/2021 12.00,10.01,0.25
13/11/2021 12.00,10.04,0.26
14/11/2021 12.00,9.769,0.25
15/11/2021 12.00,9.679,0.311
16/11/2021 12.00,9.822,0.23
17/11/2021 12.00,9.803,0.21
18/11/2021 12.00,9.795,0.218
19/11/2021 12.00,9.844,0.21
20/11/2021 12.00,9.776,0.2
21/11/2021 12.00,9.794,0.22
22/11/2021 12.00,9.603,0.2
23/11/2021 12.00,9.532,0.2
24/11/2021 12.00,9.483,0.2
25/11/2021 12.00,9.442,0.21
26/11/2021 12.00,9.066,0.22
27/11/2021 12.00,8.884,0.2
28/11/2021 12.00,8.816,0.2
29/11/2021 12.00,8.828,0.2
30/11/2021 12.00,8.821,0.22
01/12/2021 12.00,8.643,0.22
02/12/2021 12.00,8.419,0.23
03/12/2021 12.00,8.379,0.22
04/12/2021 12.00,8.371,0.23
05/12/2021 12.00,8.218,0.29
06/12/2021 12.00,7.902,0.22
07/12/2021 12.00,7.834,0.232
08/12/2021 12.00,7.776,0.22
09/12/2021 12.00,7.745,0.22
10/12/2021 12.00,7.735,0.22
11/12/2021 12.00,7.717,0.24
12/12/2021 12.00,7.736,0.22
13/12/2021 12.00,7.734,0.23
14/12/2021 12.00,7.682,0.22
15/12/2021 12.00,7.848,0.23
16/12/2021 12.00,7.848,0.22
17/12/2021 12.00,7.836,0.22
18/12/2021 12.00,7.715,0.22
19/12/2021 12.00,7.748,0.23
20/12/2021 12.00,7.776,0.24
21/12/2021 12.00,7.728,0.23
22/12/2021 12.00,7.687,0.22
23/12/2021 12.00,8.015,0.23
24/12/2021 12.00,7.967,0.23
25/12/2021 12.00,7.917,0.22
26/12/2021 12.00,7.753,0.222
27/12/2021 12.00,7.644,0.24
28/12/2021 12.00,7.754,0.322
29/12/2021 12.00,7.792,0.302
30/12/2021 12.00,7.652,0.25
31/12/2021 12.00,7.533,0.25
01/01/2022 12.00,7.347,0.23
02/01/2022 12.00,7.413,0.22
03/01/2022 12.00,7.405,0.24
04/01/2022 12.00,7.412,0.23
05/01/2022 12.00,7.397,0.22
06/01/2022 12.00,7.367,0.22
07/01/2022 12.00,7.386,0.22
08/01/2022 12.00,7.338,0.23
09/01/2022 12.00,7.215,0.33
10/01/2022 12.00,7.036,0.23
11/01/2022 12.00,7.02,0.23
12/01/2022 12.00,7.093,0.23
13/01/2022 12.00,7.135,0.23
14/01/2022 12.00,7.226,0.23
15/01/2022 12.00,7.334,0.24
16/01/2022 12.00,7.078,0.24
17/01/2022 12.00,7.046,0.24
18/01/2022 12.00,7.186,0.23
19/01/2022 12.00,7.265,0.222
20/01/2022 12.00,7.277,0.22
21/01/2022 12.00,7.257,0.23
22/01/2022 12.00,6.968,0.27
23/01/2022 12.00,7.024,0.22
24/01/2022 12.00,7.022,0.24
25/01/2022 12.00,7.062,0.232
26/01/2022 12.00,7.812,0.23
27/01/2022 12.00,7.684,0.22
28/01/2022 12.00,7.762,0.22
29/01/2022 12.00,7.652,0.24
30/01/2022 12.00,7.56,0.22
31/01/2022 12.00,7.779,0.26
01/02/2022 12.00,7.71,0.24
02/02/2022 12.00,7.779,0.22
03/02/2022 12.00,7.837,0.22
04/02/2022 12.00,7.777,0.22
05/02/2022 12.00,7.624,0.24
06/02/2022 12.00,7.604,0.24
07/02/2022 12.00,7.503,0.23
08/02/2022 12.00,7.471,0.22
09/02/2022 12.00,7.487,0.22
10/02/2022 12.00,7.456,0.22
11/02/2022 12.00,7.439,0.23
12/02/2022 12.00,7.451,0.25
13/02/2022 12.00,7.231,0.4
14/02/2022 12.00,7.21,0.22
15/02/2022 12.00,7.25,0.22
16/02/2022 12.00,7.26,0.238
17/02/2022 12.00,7.211,0.25
18/02/2022 12.00,7.23,0.22
19/02/2022 12.00,7.23,0.22
20/02/2022 12.00,7.144,0.22
21/02/2022 12.00,6.907,0.22
22/02/2022 12.00,6.973,0.22
23/02/2022 12.00,6.907,0.22
24/02/2022 12.00,6.776,0.22
25/02/2022 12.00,6.797,0.22
26/02/2022 12.00,6.713,0.23
27/02/2022 12.00,6.652,0.23
28/02/2022 12.00,6.789,0.24
01/03/2022 12.00,6.901,0.2
02/03/2022 12.00,6.771,0.21
03/03/2022 12.00,6.72,0.2
04/03/2022 12.00,6.7,0.2
05/03/2022 12.00,6.722,0.2
06/03/2022 12.00,6.751,0.2
07/03/2022 12.00,6.663,0.2
08/03/2022 12.00,6.543,0.2
09/03/2022 12.00,6.513,0.2
10/03/2022 12.00,6.553,0.21
11/03/2022 12.00,6.579,0.2
12/03/2022 12.00,6.558,0.2
13/03/2022 12.00,6.396,0.2
14/03/2022 12.00,6.447,0.2
15/03/2022 12.00,6.478,0.2
16/03/2022 12.00,6.609,0.21
17/03/2022 12.00,6.729,0.21
18/03/2022 12.00,6.704,0.2
19/03/2022 12.00,6.682,0.2
20/03/2022 12.00,6.642,0.2
21/03/2022 12.00,6.702,0.2
22/03/2022 12.00,6.761,0.2
23/03/2022 12.00,6.752,0.2
24/03/2022 12.00,6.709,0.2
25/03/2022 12.00,6.581,0.2
26/03/2022 12.00,6.39,0.2
27/03/2022 12.00,6.181,0.2
28/03/2022 12.00,7.276,0.22
29/03/2022 12.00,6.858,0.22
30/03/2022 12.00,6.88,0.2
31/03/2022 12.00,6.89,0.2
01/04/2022 12.00,6.842,0.2
02/04/2022 12.00,6.78,0.21
03/04/2022 12.00,6.653,0.2
04/04/2022 12.00,6.667,0.2
05/04/2022 12.00,6.685,0.22
06/04/2022 12.00,6.761,0.2
07/04/2022 12.00,6.674,0.208
08/04/2022 12.00,6.662,0.2
09/04/2022 12.00,6.628,0.2
10/04/2022 12.00,6.43,0.2
11/04/2022 12.00,6.589,0.2
12/04/2022 12.00,6.57,0.2
13/04/2022 12.00,6.528,0.23
14/04/2022 12.00,7.021,0.2
15/04/2022 12.00,7.008,0.2
16/04/2022 12.00,7.077,0.2
17/04/2022 12.00,7.036,0.2
18/04/2022 12.00,7.017,0.2
19/04/2022 12.00,7.315,0.2
20/04/2022 12.00,7.539,0.21
21/04/2022 12.00,7.65,0.21
22/04/2022 12.00,7.788,0.2
23/04/2022 12.00,7.768,0.2
24/04/2022 12.00,7.794,0.2
25/04/2022 12.00,7.897,0.2
26/04/2022 12.00,7.968,0.21
27/04/2022 12.00,7.842,0.21
28/04/2022 12.00,7.872,0.21
29/04/2022 12.00,7.832,0.21
30/04/2022 12.00,8.885,0.2
01/05/2022 12.00,8.915,0.2
02/05/2022 12.00,8.745,0.2
03/05/2022 12.00,8.413,0.2
04/05/2022 12.00,8.481,0.222
05/05/2022 12.00,8.711,0.24
06/05/2022 12.00,8.922,0.2
07/05/2022 12.00,9.011,0.2
08/05/2022 12.00,8.986,0.2
09/05/2022 12.00,9.204,0.2
10/05/2022 12.00,9.241,0.2
11/05/2022 12.00,9.24,0.2
12/05/2022 12.00,9.306,0.21
13/05/2022 12.00,9.508,0.2
14/05/2022 12.00,9.658,0.2
15/05/2022 12.00,9.856,0.21
16/05/2022 12.00,10.387,0.26
17/05/2022 12.00,10.019,0.202
18/05/2022 12.00,10.207,0.2
19/05/2022 12.00,10.276,0.21
20/05/2022 12.00,10.296,0.2
21/05/2022 12.00,10.45,0.2
22/05/2022 12.00,10.54,0.2
23/05/2022 12.00,11.001,0.2
24/05/2022 12.00,11.032,0.2
25/05/2022 12.00,11.009,0.2
26/05/2022 12.00,10.942,0.2
27/05/2022 12.00,10.842,0.2
28/05/2022 12.00,10.539,0.21
29/05/2022 12.00,10.152,0.208
30/05/2022 12.00,10.988,0.2
31/05/2022 12.00,10.97,0.2
01/06/2022 12.00,10.988,0.31
02/06/2022 12.00,10.98,0.542
03/06/2022 12.00,10.55,0.33
04/06/2022 12.00,10.738,0.31
05/06/2022 12.00,10.758,0.3
06/06/2022 12.00,10.889,0.3
07/06/2022 12.00,11.387,0.3
08/06/2022 12.00,11.644,0.3
09/06/2022 12.00,11.652,0.3
10/06/2022 12.00,11.559,0.3
11/06/2022 12.00,11.637,0.3
12/06/2022 12.00,11.687,0.31
13/06/2022 12.00,11.787,0.35
14/06/2022 12.00,12.56,0.31
15/06/2022 12.00,12.415,0.31
16/06/2022 12.00,12.218,0.3
17/06/2022 12.00,12.709,0.31
18/06/2022 12.00,12.729,0.3
19/06/2022 12.00,12.759,0.31
20/06/2022 12.00,12.866,0.31
21/06/2022 12.00,12.916,0.3
22/06/2022 12.00,13.044,0.362
23/06/2022 12.00,13.137,0.3
24/06/2022 12.00,13.158,0.3
25/06/2022 12.00,13.057,0.31
26/06/2022 12.00,13.957,0.3
27/06/2022 12.00,14.176,0.3
28/06/2022 12.00,14.181,0.3
29/06/2022 12.00,14.229,0.3
30/06/2022 12.00,14.289,0.3
01/07/2022 12.00,14.451,0.31
02/07/2022 12.00,14.488,0.3
03/07/2022 12.00,14.517,0.3
04/07/2022 12.00,14.617,0.3
05/07/2022 12.00,14.587,0.302
06/07/2022 12.00,14.308,0.3
07/07/2022 12.00,14.089,0.338
08/07/2022 12.00,14.006,0.3
09/07/2022 12.00,13.489,0.3
10/07/2022 12.00,13.051,0.3
11/07/2022 12.00,14.688,0.3
12/07/2022 12.00,14.57,0.3
13/07/2022 12.00,14.558,0.31
14/07/2022 12.00,14.57,0.3
15/07/2022 12.00,14.356,0.3
16/07/2022 12.00,14.335,0.31
17/07/2022 12.00,15.572,0.3
18/07/2022 12.00,15.478,0.3
19/07/2022 12.00,15.478,0.3
20/07/2022 12.00,15.087,0.302
21/07/2022 12.00,15.088,0.37
22/07/2022 12.00,14.767,0.3
23/07/2022 12.00,14.564,0.3
24/07/2022 12.00,14.579,0.3
25/07/2022 12.00,14.551,0.31
26/07/2022 12.00,14.454,0.3
27/07/2022 12.00,14.167,0.31
28/07/2022 12.00,14.608,0.31
29/07/2022 12.00,14.922,0.3
30/07/2022 12.00,15.11,0.3
31/07/2022 12.00,14.902,0.3
01/08/2022 12.00,15.008,0.32
02/08/2022 12.00,14.975,0.3
03/08/2022 12.00,15.002,0.3
04/08/2022 12.00,15.133,0.3
05/08/2022 12.00,15.161,0.3
06/08/2022 12.00,15.074,0.3
07/08/2022 12.00,15.3,0.3
08/08/2022 12.00,15.512,0.3
09/08/2022 12.00,16.155,0.3
10/08/2022 12.00,16.217,0.31
11/08/2022 12.00,16.496,0.3
12/08/2022 12.00,16.823,0.31
13/08/2022 12.00,16.876,0.31
14/08/2022 12.00,16.956,0.3
15/08/2022 12.00,17.093,0.3
16/08/2022 12.00,16.761,0.3
17/08/2022 12.00,16.741,0.3
18/08/2022 12.00,16.551,0.3
19/08/2022 12.00,16.591,0.3
20/08/2022 12.00,16.492,0.32
21/08/2022 12.00,16.339,0.3
22/08/2022 12.00,16.279,0.3
23/08/2022 12.00,16.345,0.3
24/08/2022 12.00,16.296,0.3
25/08/2022 12.00,16.335,0.3
26/08/2022 12.00,16.352,0.32
27/08/2022 12.00,16.313,0.3
28/08/2022 12.00,16.351,0.3
29/08/2022 12.00,15.783,0.31
30/08/2022 12.00,16.049,0.3
31/08/2022 12.00,16.193,0.3
01/09/2022 12.00,16.2,0.21
02/09/2022 12.00,16.101,0.2
03/09/2022 12.00,16.029,0.2
04/09/2022 12.00,15.841,0.21
05/09/2022 12.00,15.869,0.4
06/09/2022 12.00,15.916,0.37
07/09/2022 12.00,15.916,0.382
08/09/2022 12.00,15.865,0.37
09/09/2022 12.00,15.785,0.292
10/09/2022 12.00,15.815,0.27
11/09/2022 12.00,16.152,0.22
12/09/2022 12.00,16.22,0.2
13/09/2022 12.00,15.623,0.21
14/09/2022 12.00,15.653,0.21
15/09/2022 12.00,15.526,0.2
16/09/2022 12.00,14.493,0.2
17/09/2022 12.00,14.093,0.2
18/09/2022 12.00,13.839,0.2
19/09/2022 12.00,13.784,0.2
20/09/2022 12.00,13.696,0.2
21/09/2022 12.00,13.524,0.2
22/09/2022 12.00,13.747,0.2
23/09/2022 12.00,13.868,0.2
24/09/2022 12.00,13.888,0.2
25/09/2022 12.00,13.896,0.21
26/09/2022 12.00,13.364,0.21
27/09/2022 12.00,13.45,0.2
28/09/2022 12.00,13.535,0.2
29/09/2022 12.00,13.559,0.21
30/09/2022 12.00,13.519,0.21
01/10/2022 12.00,13.469,0.2
02/10/2022 12.00,13.429,0.21
03/10/2022 12.00,13.39,0.22
04/10/2022 12.00,13.289,0.27
05/10/2022 12.00,13.427,0.2
06/10/2022 12.00,13.275,0.2
07/10/2022 12.00,13.192,0.208
08/10/2022 12.00,13.15,0.2
09/10/2022 12.00,13.11,0.2
10/10/2022 12.00,13.064,0.2
11/10/2022 12.00,13.074,0.2
12/10/2022 12.00,12.773,0.2
13/10/2022 12.00,12.761,0.2
14/10/2022 12.00,12.711,0.2
15/10/2022 12.00,12.585,0.2
16/10/2022 12.00,12.569,0.21
17/10/2022 12.00,12.511,0.2
18/10/2022 12.00,12.169,0.21
19/10/2022 12.00,12.048,0.212
20/10/2022 12.00,11.697,0.37
21/10/2022 12.00,11.715,0.42
22/10/2022 12.00,12.249,0.228
23/10/2022 12.00,12.272,0.2
24/10/2022 12.00,12.171,0.2
25/10/2022 12.00,12.031,0.21
26/10/2022 12.00,12.041,0.21
27/10/2022 12.00,12.029,0.2
28/10/2022 12.00,11.989,0.21
29/10/2022 12.00,11.982,0.2
30/10/2022 12.00,11.859,0.2
31/10/2022 12.00,11.895,0.2
01/11/2022 12.00,11.984,0.2
02/11/2022 12.00,12.034,0.21
03/11/2022 12.00,11.85,0.21
04/11/2022 12.00,11.596,0.202
05/11/2022 12.00,11.558,0.2
06/11/2022 12.00,11.559,0.2
07/11/2022 12.00,11.49,0.2
08/11/2022 12.00,11.364,0.2
09/11/2022 12.00,11.146,0.2
10/11/2022 12.00,11.413,0.2
11/11/2022 12.00,11.38,0.2
12/11/2022 12.00,11.399,0.21
13/11/2022 12.00,11.07,0.24
14/11/2022 12.00,11.091,0.29
15/11/2022 12.00,11.081,0.34
16/11/2022 12.00,10.851,0.3
17/11/2022 12.00,10.4,0.252
18/11/2022 12.00,10.172,0.22
19/11/2022 12.00,10.102,0.21
20/11/2022 12.00,10.121,0.23
21/11/2022 12.00,10.085,0.2
22/11/2022 12.00,10.097,0.2
23/11/2022 12.00,10.226,0.22
24/11/2022 12.00,10.113,0.2
25/11/2022 12.00,10.135,0.2
26/11/2022 12.00,10.185,0.22
27/11/2022 12.00,10.086,0.2
28/11/2022 12.00,9.834,0.27
29/11/2022 12.00,9.927,0.2
30/11/2022 12.00,9.967,0.2
01/12/2022 12.00,9.997,0.24
02/12/2022 12.00,9.786,0.24
03/12/2022 12.00,9.669,0.23
04/12/2022 12.00,9.576,0.22
05/12/2022 12.00,9.575,0.22
06/12/2022 12.00,9.373,0.23
07/12/2022 12.00,9.36,0.22
08/12/2022 12.00,9.43,0.22
09/12/2022 12.00,9.309,0.23
10/12/2022 12.00,9.232,0.232
11/12/2022 12.00,9.171,0.242
12/12/2022 12.00,8.846,0.24
13/12/2022 12.00,8.796,0.25
14/12/2022 12.00,8.588,0.22
15/12/2022 12.00,8.572,0.22
16/12/2022 12.00,8.572,0.24
17/12/2022 12.00,8.321,0.25
18/12/2022 12.00,8.101,0.302
19/12/2022 12.00,8.045,0.22
20/12/2022 12.00,8.073,0.22
21/12/2022 12.00,8.111,0.22
22/12/2022 12.00,8.108,0.22
23/12/2022 12.00,8.098,0.22
24/12/2022 12.00,8.027,0.22
25/12/2022 12.00,7.93,0.22
26/12/2022 12.00,7.93,0.22
27/12/2022 12.00,7.94,0.22
28/12/2022 12.00,7.98,0.24
29/12/2022 12.00,7.938,0.23
30/12/2022 12.00,7.947,0.222
31/12/2022 12.00,7.939,0.22
01/01/2023 12.00,7.76,0.27
02/01/2023 12.00,7.76,0.272
03/01/2023 12.00,7.769,0.27
04/01/2023 12.00,7.16,0.332
05/01/2023 12.00,7.283,0.292
06/01/2023 12.00,7.392,0.29
07/01/2023 12.00,7.573,0.32
08/01/2023 12.00,7.787,0.27
09/01/2023 12.00,7.748,0.272
10/01/2023 12.00,7.748,0.27
11/01/2023 12.00,7.625,0.28
12/01/2023 12.00,7.737,0.27
13/01/2023 12.00,7.768,0.27
14/01/2023 12.00,7.776,0.27
15/01/2023 12.00,7.706,0.27
16/01/2023 12.00,7.696,0.27
17/01/2023 12.00,7.633,0.302
18/01/2023 12.00,7.651,0.27
19/01/2023 12.00,7.6,0.27
20/01/2023 12.00,7.606,0.27
21/01/2023 12.00,7.658,0.28
22/01/2023 12.00,7.284,0.31
23/01/2023 12.00,6.947,0.412
24/01/2023 12.00,7.772,0.27
25/01/2023 12.00,7.732,0.28
26/01/2023 12.00,7.702,0.27
27/01/2023 12.00,7.684,0.29
28/01/2023 12.00,7.838,0.27
29/01/2023 12.00,7.798,0.28
30/01/2023 12.00,7.799,0.27
31/01/2023 12.00,7.73,0.28
01/02/2023 12.00,7.811,0.302
02/02/2023 12.00,7.791,0.27
03/02/2023 12.00,7.771,0.482
04/02/2023 12.00,7.911,0.27
05/02/2023 12.00,7.942,0.29
06/02/2023 12.00,7.874,0.27
07/02/2023 12.00,7.782,0.36
08/02/2023 12.00,7.801,0.272
09/02/2023 12.00,7.793,0.298
10/02/2023 12.00,7.793,0.3
11/02/2023 12.00,7.813,0.32
12/02/2023 12.00,7.442,0.292
13/02/2023 12.00,7.462,0.372
14/02/2023 12.00,7.779,0.27
15/02/2023 12.00,7.826,0.312
16/02/2023 12.00,7.786,0.3
17/02/2023 12.00,7.814,0.28
18/02/2023 12.00,7.773,0.28
19/02/2023 12.00,7.749,0.27
20/02/2023 12.00,7.873,0.29
21/02/2023 12.00,7.834,0.27
22/02/2023 12.00,7.854,0.28
23/02/2023 12.00,7.605,0.302
24/02/2023 12.00,7.617,0.27
25/02/2023 12.00,7.441,0.28
26/02/2023 12.00,7.131,0.28
27/02/2023 12.00,7.115,0.27
28/02/2023 12.00,7.449,0.27
01/03/2023 12.00,7.52,0.242
02/03/2023 12.00,7.482,0.25
03/03/2023 12.00,7.47,0.242
04/03/2023 12.00,7.39,0.252
05/03/2023 12.00,7.349,0.26
06/03/2023 12.00,7.301,0.26
07/03/2023 12.00,7.239,0.26
08/03/2023 12.00,7.292,0.25
09/03/2023 12.00,7.36,0.242
10/03/2023 12.00,7.4,0.242
11/03/2023 12.00,7.192,0.26
12/03/2023 12.00,7.174,0.252
13/03/2023 12.00,6.874,0.242
14/03/2023 12.00,6.856,0.26
15/03/2023 12.00,6.824,0.252
16/03/2023 12.00,6.814,0.25
17/03/2023 12.00,6.775,0.27
18/03/2023 12.00,6.793,0.27
19/03/2023 12.00,7.041,0.27
20/03/2023 12.00,6.979,0.242
21/03/2023 12.00,6.949,0.26
22/03/2023 12.00,6.974,0.25
23/03/2023 12.00,6.982,0.25
24/03/2023 12.00,7.012,0.252
25/03/2023 12.00,6.96,0.242
26/03/2023 12.00,7.008,0.25
27/03/2023 12.00,7.03,0.242
28/03/2023 12.00,7.04,0.242
29/03/2023 12.00,7.128,0.432
30/03/2023 12.00,7.008,0.452
31/03/2023 12.00,6.9,0.26
01/04/2023 12.00,6.91,0.242
02/04/2023 12.00,6.911,0.242
03/04/2023 12.00,6.891,0.242
04/04/2023 12.00,6.853,0.26
05/04/2023 12.00,6.418,0.28
06/04/2023 12.00,6.77,0.242
07/04/2023 12.00,6.81,0.242
08/04/2023 12.00,6.81,0.242
09/04/2023 12.00,6.72,0.342
10/04/2023 12.00,6.912,0.242
11/04/2023 12.00,6.923,0.242
12/04/2023 12.00,6.933,0.25
13/04/2023 12.00,6.853,0.242
14/04/2023 12.00,7.353,0.25
15/04/2023 12.00,7.397,0.242
16/04/2023 12.00,7.498,0.242
17/04/2023 12.00,7.593,0.242
18/04/2023 12.00,7.906,0.242
19/04/2023 12.00,8.164,0.25
20/04/2023 12.00,8.404,0.25
21/04/2023 12.00,8.592,0.242
22/04/2023 12.00,8.682,0.242
23/04/2023 12.00,7.304,0.242
24/04/2023 12.00,7.67,0.242
25/04/2023 12.00,7.28,0.242
26/04/2023 12.00,7.362,0.242
27/04/2023 12.00,7.38,0.242
28/04/2023 12.00,7.42,0.242
29/04/2023 12.00,7.41,0.242
30/04/2023 12.00,7.352,0.242
01/05/2023 12.00,7.473,0.26
02/05/2023 12.00,7.492,0.242
03/05/2023 12.00,7.499,0.242
04/05/2023 12.00,7.299,0.27
05/05/2023 12.00,7.228,0.242
06/05/2023 12.00,7.256,0.54
07/05/2023 12.00,7.376,0.5
08/05/2023 12.00,7.614,0.36
09/05/2023 12.00,6.853,0.412
10/05/2023 12.00,6.802,0.372
11/05/2023 12.00,7.032,0.392
12/05/2023 12.00,7.1,0.382
13/05/2023 12.00,7.23,0.402
14/05/2023 12.00,8.288,0.252
15/05/2023 12.00,8.338,0.242
16/05/2023 12.00,8.328,0.242
17/05/2023 12.00,8.867,0.242
18/05/2023 12.00,9.015,0.242
19/05/2023 12.00,9.005,0.242
20/05/2023 12.00,9.867,0.242
21/05/2023 12.00,9.884,0.25
22/05/2023 12.00,9.781,0.25
23/05/2023 12.00,9.646,0.242
24/05/2023 12.00,9.651,0.25
25/05/2023 12.00,9.633,0.242
26/05/2023 12.00,9.542,0.25
27/05/2023 12.00,9.758,0.252
28/05/2023 12.00,9.83,0.242
29/05/2023 12.00,9.819,0.252
30/05/2023 12.00,9.788,0.322
31/05/2023 12.00,9.695,0.242
01/06/2023 12.00,9.91,0.35
02/06/2023 12.00,9.884,0.35
03/06/2023 12.00,9.916,0.35
04/06/2023 12.00,10.336,0.35
05/06/2023 12.00,10.655,0.35
06/06/2023 12.00,11.125,0.35
07/06/2023 12.00,11.145,0.35
08/06/2023 12.00,11.256,0.37
09/06/2023 12.00,11.447,0.35
10/06/2023 12.00,12.152,0.35
11/06/2023 12.00,12.424,0.35
12/06/2023 12.00,12.847,0.37
13/06/2023 12.00,13.18,0.35
14/06/2023 12.00,13.842,0.35
15/06/2023 12.00,14.678,0.35
16/06/2023 12.00,14.655,0.35
17/06/2023 12.00,14.635,0.37
18/06/2023 12.00,14.388,0.35
19/06/2023 12.00,14.305,0.35
20/06/2023 12.00,14.308,0.38
21/06/2023 12.00,14.604,0.382
22/06/2023 12.00,15.073,0.36
23/06/2023 12.00,15.609,0.38
24/06/2023 12.00,15.776,0.35
25/06/2023 12.00,15.435,0.35
26/06/2023 12.00,15.213,0.35
27/06/2023 12.00,15.163,0.35
28/06/2023 12.00,15.181,0.35
29/06/2023 12.00,15.237,0.382
30/06/2023 12.00,15.307,0.35
01/07/2023 12.00,15.139,0.35
02/07/2023 12.00,14.742,0.35
03/07/2023 12.00,13.779,0.35
04/07/2023 12.00,13.629,0.35
05/07/2023 12.00,14.046,0.352
06/07/2023 12.00,14.622,0.37
07/07/2023 12.00,15.014,0.37
08/07/2023 12.00,15.115,0.35
09/07/2023 12.00,15.145,0.35
10/07/2023 12.00,15.169,0.36
11/07/2023 12.00,15.096,0.35
12/07/2023 12.00,15.154,0.35
13/07/2023 12.00,15.425,0.37
14/07/2023 12.00,15.547,0.38
15/07/2023 12.00,15.584,0.37
16/07/2023 12.00,15.215,0.35
17/07/2023 12.00,15.116,0.35
18/07/2023 12.00,15.035,0.37
19/07/2023 12.00,14.927,0.37
20/07/2023 12.00,14.878,0.35
21/07/2023 12.00,15.266,0.37
22/07/2023 12.00,15.266,0.35
23/07/2023 12.00,15.216,0.35
24/07/2023 12.00,14.869,0.35
25/07/2023 12.00,14.967,0.36
26/07/2023 12.00,15.394,0.35
27/07/2023 12.00,15.342,0.38
28/07/2023 12.00,15.423,0.35
29/07/2023 12.00,15.593,0.35
30/07/2023 12.00,15.77,0.37
31/07/2023 12.00,15.931,0.38
01/08/2023 12.00,16.004,0.35
02/08/2023 12.00,16.062,0.35
03/08/2023 12.00,16.061,0.35
04/08/2023 12.00,15.68,0.36
05/08/2023 12.00,15.389,0.35
06/08/2023 12.00,15.042,0.352
07/08/2023 12.00,14.89,0.35
08/08/2023 12.00,14.405,0.35
09/08/2023 12.00,14.453,0.35
10/08/2023 12.00,14.419,0.352
11/08/2023 12.00,14.478,0.35
12/08/2023 12.00,14.611,0.36
13/08/2023 12.00,14.806,0.35
14/08/2023 12.00,14.816,0.35
15/08/2023 12.00,14.938,0.35
16/08/2023 12.00,14.94,0.35
17/08/2023 12.00,14.998,0.36
18/08/2023 12.00,15.145,0.35
19/08/2023 12.00,15.18,0.37
20/08/2023 12.00,15.258,0.35
21/08/2023 12.00,15.349,0.35
22/08/2023 12.00,15.459,0.35
23/08/2023 12.00,15.576,0.35
24/08/2023 12.00,15.677,0.352
25/08/2023 12.00,15.853,0.35
26/08/2023 12.00,16.148,0.36
27/08/2023 12.00,16.188,0.36
28/08/2023 12.00,16.238,0.36
29/08/2023 12.00,15.904,0.35
30/08/2023 12.00,16.151,0.35
31/08/2023 12.00,16.144,0.36
01/09/2023 12.00,16.086,0.23
02/09/2023 12.00,16.04,0.23
03/09/2023 12.00,16.172,0.25
04/09/2023 12.00,16.154,0.24
05/09/2023 12.00,16.095,0.23
06/09/2023 12.00,15.647,0.25
07/09/2023 12.00,15.758,0.232
08/09/2023 12.00,16.78,0.24
09/09/2023 12.00,16.631,0.23
10/09/2023 12.00,16.599,0.23
11/09/2023 12.00,16.711,0.232
12/09/2023 12.00,16.699,0.24
13/09/2023 12.00,16.522,0.24
14/09/2023 12.00,16.202,0.23
15/09/2023 12.00,16.081,0.232
16/09/2023 12.00,15.495,0.23
17/09/2023 12.00,15.614,0.24
18/09/2023 12.00,15.622,0.24
19/09/2023 12.00,15.482,0.31
20/09/2023 12.00,15.22,0.26
21/09/2023 12.00,15.404,0.23
22/09/2023 12.00,15.445,0.232
23/09/2023 12.00,15.444,0.23
24/09/2023 12.00,14.872,0.25
25/09/2023 12.00,14.731,0.23
26/09/2023 12.00,14.651,0.24
27/09/2023 12.00,14.631,0.27
28/09/2023 12.00,14.732,0.24
29/09/2023 12.00,14.624,0.23
30/09/2023 12.00,14.331,0.24
01/10/2023 12.00,14.174,0.242
02/10/2023 12.00,14.173,0.24
03/10/2023 12.00,14.135,0.23
04/10/2023 12.00,13.937,0.23
05/10/2023 12.00,13.773,0.25
06/10/2023 12.00,13.634,0.27
07/10/2023 12.00,13.291,0.349
08/10/2023 12.00,13.301,0.23
09/10/2023 12.00,13.321,0.23
10/10/2023 12.00,13.231,0.24
11/10/2023 12.00,12.862,0.25
12/10/2023 12.00,12.77,0.252
13/10/2023 12.00,12.318,0.23
14/10/2023 12.00,12.063,0.25
15/10/2023 12.00,11.78,0.24
16/10/2023 12.00,11.626,0.23
17/10/2023 12.00,11.644,0.24
18/10/2023 12.00,11.636,0.23
19/10/2023 12.00,10.549,0.26
20/10/2023 12.00,10.517,0.27
21/10/2023 12.00,10.517,0.302
22/10/2023 12.00,10.309,0.23
23/10/2023 12.00,10.425,0.23
24/10/2023 12.00,10.445,0.23
25/10/2023 12.00,10.287,0.442
26/10/2023 12.00,9.951,0.312
27/10/2023 12.00,9.89,0.31
28/10/2023 12.00,9.79,0.362
29/10/2023 12.00,10.612,0.23
30/10/2023 12.00,10.878,0.23
31/10/2023 12.00,10.954,0.23
01/11/2023 12.00,11.125,0.25
02/11/2023 12.00,10.731,0.352
03/11/2023 12.00,10.614,0.27
04/11/2023 12.00,10.628,0.24
05/11/2023 12.00,10.657,0.24
06/11/2023 12.00,10.579,0.24
07/11/2023 12.00,10.519,0.24
08/11/2023 12.00,10.541,0.23
09/11/2023 12.00,10.249,0.262
10/11/2023 12.00,10.209,0.24
11/11/2023 12.00,10.163,0.24
12/11/2023 12.00,10.073,0.24
13/11/2023 12.00,9.849,0.23
14/11/2023 12.00,9.878,0.24
15/11/2023 12.00,9.848,0.232
16/11/2023 12.00,9.549,0.242
17/11/2023 12.00,9.591,0.23
18/11/2023 12.00,9.553,0.261
19/11/2023 12.00,9.373,0.452
20/11/2023 12.00,9.343,0.29
21/11/2023 12.00,9.36,0.3
22/11/2023 12.00,8.917,0.25
23/11/2023 12.00,8.907,0.23
24/11/2023 12.00,8.711,0.24
25/11/2023 12.00,8.561,0.23
26/11/2023 12.00,8.519,0.23
27/11/2023 12.00,8.249,0.28
28/11/2023 12.00,8.289,0.23
29/11/2023 12.00,8.129,0.23
30/11/2023 12.00,8.195,0.23
01/12/2023 12.00,8.187,0.27
02/12/2023 12.00,8.079,0.27
03/12/2023 12.00,8.069,0.28
04/12/2023 12.00,8.049,0.27
05/12/2023 12.00,7.909,0.302
06/12/2023 12.00,7.919,0.27
07/12/2023 12.00,7.909,0.28
08/12/2023 12.00,7.839,0.51
09/12/2023 12.00,7.92,0.272
10/12/2023 12.00,7.828,0.362
11/12/2023 12.00,7.818,0.422
12/12/2023 12.00,7.67,0.332
13/12/2023 12.00,7.57,0.332
14/12/2023 12.00,7.249,0.272
15/12/2023 12.00,7.041,0.29
16/12/2023 12.00,6.963,0.27
17/12/2023 12.00,7.525,0.292
18/12/2023 12.00,7.616,0.27
19/12/2023 12.00,7.597,0.27
20/12/2023 12.00,7.539,0.27
21/12/2023 12.00,7.199,0.27
22/12/2023 12.00,7.242,0.31
23/12/2023 12.00,7.041,0.27
24/12/2023 12.00,7.027,0.3
25/12/2023 12.00,7.072,0.27
26/12/2023 12.00,7.066,0.28
27/12/2023 12.00,7.062,0.27
28/12/2023 12.00,6.806,0.27
29/12/2023 12.00,6.879,0.27
30/12/2023 12.00,6.89,0.27
31/12/2023 12.00,6.948,0.302
01/01/2024 12.00,6.948,0.302
